"","pred","ci.lb","ci.ub","pi.lb","pi.ub","GNI","VoI","QMp_value","I2_lvl2","I2_lvl3","o2_lvl2","o2_lvl3","RR_summary","VE_summary","vaccine","clean_vaccine"
"Paternina-Caicedo",0.254004696513784,0.0672971486165888,0.958709056436242,0.0429773747338098,1.50121747199937,3,"omicron",0.731405369697473,"61.04","31.31",0.43056407350161,0.308344167334314,"0.25 (0.07-0.96)","75 (  4-93)","Moderna mRNA-1273","mRNA-1273"
"Baum",0.342619774298613,0.184741224690852,0.635420220564583,0.0904454123125995,1.29789125549798,4,"omicron",0.731405369697473,"61.04","31.31",0.43056407350161,0.308344167334314,"0.34 (0.18-0.64)","66 ( 36-82)","Moderna mRNA-1273","mRNA-1273"
"Penayo",0.579,0.0899132380092413,3.72849435102697,0.0638480497851309,5.25060673157901,2,"omicron",0.731405369697473,"61.04","31.31",0.43056407350161,0.308344167334314,"0.58 (0.09-3.73)","42 (-73-91)","Moderna mRNA-1273","mRNA-1273"
"Nasreen",0.0432778659196592,0.0179440273341705,0.104378668382505,0.00360738537761755,0.519205319781215,4,"delta",0.492877390522449,"65.94","31.17",0.903158865591003,0.620936116555425,"0.04 (0.02-0.10)","96 ( 90-98)","Moderna mRNA-1273","mRNA-1273"
"Lytras.1",0.029138161087803,0.00672419501125938,0.1262652897718,0.00186745865332577,0.454645906117764,3,"delta",0.492877390522449,"65.94","31.17",0.903158865591003,0.620936116555425,"0.03 (0.01-0.13)","97 ( 87-99)","Moderna mRNA-1273","mRNA-1273"
"Penayo1",0.238999999999999,0.00821449354472893,6.95368493370513,0.00398552774699448,14.3321044604633,2,"delta",0.492877390522449,"65.94","31.17",0.903158865591003,0.620936116555425,"0.24 (0.01-6.95)","76 (-86-99)","Moderna mRNA-1273","mRNA-1273"
