"","pred","ci.lb","ci.ub","pi.lb","pi.ub","GNI","VoI","QMp_value","I2_lvl2","I2_lvl3","o2_lvl2","o2_lvl3","RR_summary","VE_summary","vaccine","clean_vaccine"
"Clemens",0.176655546548821,0.077649213394468,0.40189952688801,0.0350091418262363,0.891400945540336,3,"delta",0.469725549469008,"95.95","0",0.616372027834631,2.66342585875749e-05,"0.18 (0.08-0.40)","82 (60-92)","Oxford/AstraZeneca ChAdOx1-S","ChAdOx1-S"
"Nasreen",0.0996468052086907,0.0523469787561181,0.189685938410309,0.0214531831015291,0.462844405946968,4,"delta",0.469725549469008,"95.95","0",0.616372027834631,2.66342585875749e-05,"0.10 (0.05-0.19)","90 (81-95)","Oxford/AstraZeneca ChAdOx1-S","ChAdOx1-S"
"Tsundue",0.101316916473965,0.0276595754434804,0.371123468065089,0.0150756123486528,0.680908829863201,1,"delta",0.469725549469008,"95.95","0",0.616372027834631,2.66342585875749e-05,"0.10 (0.03-0.37)","90 (63-97)","Oxford/AstraZeneca ChAdOx1-S","ChAdOx1-S"
