"","pred","ci.lb","ci.ub","pi.lb","pi.ub","GNI","VoI","QMp_value","I2_lvl2","I2_lvl3","o2_lvl2","o2_lvl3","RR_summary","VE_summary","vaccine","clean_vaccine"
"Cerqueira-Silva.1",0.319714455369951,0.139683870007592,0.731776209858366,0.091995315363514,1.11111454500263,3,"omicron",0.182097386105243,"0","88.63",4.0618675100227e-06,0.39356630113641,"0.32 (0.14-0.73)","68 (  27-86)","Oxford/AstraZeneca ChAdOx1-S","ChAdOx1-S"
"Baum",0.343882556755152,0.182269984102149,0.648791480522581,0.111471661306715,1.06085449390657,4,"omicron",0.182097386105243,"0","88.63",4.0618675100227e-06,0.39356630113641,"0.34 (0.18-0.65)","66 (  35-82)","Oxford/AstraZeneca ChAdOx1-S","ChAdOx1-S"
"Penayo",0.89949826054178,0.331042117314112,2.44409118477807,0.229542734041869,3.52482131092029,2,"omicron",0.182097386105243,"0","88.63",4.0618675100227e-06,0.39356630113641,"0.90 (0.33-2.44)","10 (-144-67)","Oxford/AstraZeneca ChAdOx1-S","ChAdOx1-S"
"Clemens",0.0743709498646777,0.0260449604490695,0.212365006066731,0.00863332384412428,0.640661497661616,3,"delta",0.662068352112935,"36.69","61.28",0.545468579157393,0.704925492968605,"0.07 (0.03-0.21)","93 (79-97)","Oxford/AstraZeneca ChAdOx1-S","ChAdOx1-S"
"Nasreen",0.1226965458296,0.0574869365461072,0.26187588455754,0.016153062494162,0.931986882608543,4,"delta",0.662068352112935,"36.69","61.28",0.545468579157393,0.704925492968605,"0.12 (0.06-0.26)","88 (74-94)","Oxford/AstraZeneca ChAdOx1-S","ChAdOx1-S"
"Tsundue",0.137461802620883,0.0381335884312613,0.495514530814316,0.0141153788111082,1.33866383840245,2,"delta",0.662068352112935,"36.69","61.28",0.545468579157393,0.704925492968605,"0.14 (0.04-0.50)","86 (50-96)","Oxford/AstraZeneca ChAdOx1-S","ChAdOx1-S"
