"","pred","ci.lb","ci.ub","pi.lb","pi.ub","GNI","VoI","QMp_value","I2_lvl2","I2_lvl3","o2_lvl2","o2_lvl3","RR_summary","VE_summary","vaccine","clean_vaccine"
"Cerqueira-Silva.1",0.288784986223918,0.111925909841972,0.745106904970406,0.0592387699441027,1.40780722400282,3,"omicron",0.931229059517263,"16.16","80.76",0.252169227462859,0.56363993118301,"0.29 (0.11-0.75)","71 (25-89)","BioNTech/Pfizer BNT162b2","BNT162b2"
"Smid",0.290610995634955,0.180033744021087,0.46910511828298,0.074845037109488,1.12839480138668,4,"omicron",0.931229059517263,"16.16","80.76",0.252169227462859,0.56363993118301,"0.29 (0.18-0.47)","71 (53-82)","BioNTech/Pfizer BNT162b2","BNT162b2"
"Penayo",0.350609823009576,0.137635712891848,0.893134822409069,0.0724707071916963,1.69623359222429,2,"omicron",0.931229059517263,"16.16","80.76",0.252169227462859,0.56363993118301,"0.35 (0.14-0.89)","65 (11-86)","BioNTech/Pfizer BNT162b2","BNT162b2"
"Nasreen",0.0763337165374275,0.0456013909833512,0.127777599646986,0.0122370638738019,0.476162937491149,4,"delta",0.94637621716399,"45.47","52.65",0.581755270050828,0.626023993547875,"0.08 (0.05-0.13)","92 (87-95)","BioNTech/Pfizer BNT162b2","BNT162b2"
"Paternina-Caicedo",0.0638407851225708,0.0239796017703178,0.169963032918717,0.0085442343949841,0.477005388271987,3,"delta",0.94637621716399,"45.47","52.65",0.581755270050828,0.626023993547875,"0.06 (0.02-0.17)","94 (83-98)","BioNTech/Pfizer BNT162b2","BNT162b2"
"Penayo1",0.0742087252699482,0.0187367927168458,0.293910221958079,0.00796630213748646,0.691278690055836,2,"delta",0.94637621716399,"45.47","52.65",0.581755270050828,0.626023993547875,"0.07 (0.02-0.29)","93 (71-98)","BioNTech/Pfizer BNT162b2","BNT162b2"
